Ref,Val,Package,PosX,PosY,Rot,Side
"C1","C_0805_2012Metric","C_0805_2012Metric",12.000000,-10.740000,180.000000,top
"C2","C_0805_2012Metric","C_0805_2012Metric",12.000000,-8.280000,180.000000,top
"C3","C_0603_1608Metric","C_0603_1608Metric",15.765000,-10.490000,180.000000,top
"C4","C_0603_1608Metric","C_0603_1608Metric",15.765000,-8.030000,180.000000,top
"C5","C_0603_1608Metric","C_0603_1608Metric",15.765000,-15.410000,180.000000,top
"C6","C_0603_1608Metric","C_0603_1608Metric",16.588500,-77.416600,0.000000,top
"C7","C_0603_1608Metric","C_0603_1608Metric",17.372400,-75.098000,0.000000,top
"C8","C_0603_1608Metric","C_0603_1608Metric",25.921300,-67.003500,0.000000,top
"C9","C_0603_1608Metric","C_0603_1608Metric",30.097500,-58.875000,90.000000,top
"C10","C_0805_2012Metric","C_0805_2012Metric",34.700000,-53.387500,0.000000,top
"C11","C_0603_1608Metric","C_0603_1608Metric",35.175000,-56.097500,0.000000,top
"C12","C_0805_2012Metric","C_0805_2012Metric",38.542500,-64.500000,0.000000,top
"C13","C_0805_2012Metric","C_0805_2012Metric",30.982500,-64.500000,180.000000,top
"C14","C_0805_2012Metric","C_0805_2012Metric",37.108000,-38.538300,90.000000,top
"C15","C_0805_2012Metric","C_0805_2012Metric",31.300000,-55.887500,180.000000,top
"C16","C_0603_1608Metric","C_0603_1608Metric",46.285000,-53.327500,0.000000,top
"C17","C_0603_1608Metric","C_0603_1608Metric",15.093000,-64.526400,0.000000,top
"C18","C_0805_2012Metric","C_0805_2012Metric",34.525000,-40.750000,90.000000,top
"C19","C_0805_2012Metric","C_0805_2012Metric",32.029500,-40.019600,90.000000,top
"C20","C_0805_2012Metric","C_0805_2012Metric",37.724800,-50.185700,90.000000,top
"C21","C_0805_2012Metric","C_0805_2012Metric",42.319200,-49.754300,90.000000,top
"C22","C_0805_2012Metric","C_0805_2012Metric",33.797000,-48.676000,0.000000,top
"C23","C_0805_2012Metric","C_0805_2012Metric",45.049200,-58.173300,90.000000,top
"C24","C_0603_1608Metric","C_0603_1608Metric",30.325000,-45.250000,0.000000,top
"C25","C_0805_2012Metric","C_0805_2012Metric",19.938500,-43.348800,0.000000,top
"C26","C_0603_1608Metric","C_0603_1608Metric",13.012700,-47.571800,0.000000,top
"C27","C_0805_2012Metric","C_0805_2012Metric",20.863300,-40.667000,0.000000,top
"C28","C_0805_2012Metric","C_0805_2012Metric",17.549700,-37.232200,0.000000,top
"C29","C_0805_2012Metric","C_0805_2012Metric",22.669100,-57.408000,0.000000,top
"C30","C_0805_2012Metric","C_0805_2012Metric",9.250000,-39.710000,0.000000,top
"C31","C_0805_2012Metric","C_0805_2012Metric",9.250000,-45.750000,0.000000,top
"C32","C_0805_2012Metric","C_0805_2012Metric",13.150000,-39.710000,0.000000,top
"C33","C_0805_2012Metric","C_0805_2012Metric",13.400000,-37.250000,0.000000,top
"C34","C_0603_1608Metric","C_0603_1608Metric",11.442300,-43.304100,0.000000,top
"C35","C_0603_1608Metric","C_0603_1608Metric",17.141600,-40.649700,0.000000,top
"C36","C_0805_2012Metric","C_0805_2012Metric",9.500000,-37.250000,0.000000,top
"C37","C_0805_2012Metric","C_0805_2012Metric",46.065000,-64.495000,0.000000,top
"C38","C_0603_1608Metric","C_0603_1608Metric",42.380000,-64.575000,0.000000,top
"D1","D_SOD-323","D_SOD-323",16.302800,-82.216500,0.000000,top
"D2","D_SOD-323","D_SOD-323",25.200000,-74.000000,90.000000,top
"D3","D_SOD-323","D_SOD-323",22.800000,-74.000000,90.000000,top
"D4","D_SOD-323","D_SOD-323",20.400000,-74.000000,90.000000,top
"D5","D_SOD-323","D_SOD-323",27.600000,-74.000000,90.000000,top
"D6","D_SOD-123","D_SOD-123",20.668600,-52.125100,0.000000,top
"D7","D_SOD-123","D_SOD-123",22.703800,-46.413400,0.000000,top
"D8","D_SOD-123","D_SOD-123",15.375300,-52.076200,0.000000,top
"F1","Fuse_0805_2012Metric","Fuse_0805_2012Metric",16.342600,-79.759900,0.000000,top
"F2","Fuse_0805_2012Metric","Fuse_0805_2012Metric",11.916400,-59.253400,0.000000,top
"F3","Fuse_0805_2012Metric","Fuse_0805_2012Metric",12.180000,-72.950000,0.000000,top
"J1","USB_C_Receptacle_GCT_USB4105-xx-A_16P_TopMnt_Horizontal","USB_C_Receptacle_GCT_USB4105-xx-A_16P_TopMnt_Horizontal",24.000000,-81.330000,0.000000,top
"J2","X05B20U24T","X05B20U24T",3.275000,-42.000000,90.000000,top
"J3","microSD_DM3AT-SF-PEJM5_EPDF","microSD_DM3AT-SF-PEJM5_EPDF",40.000000,-75.200000,0.000000,top
"J4","Molex_PicoBlade_53261-0271_1x02-1MP_P1.25mm_Horizontal","Molex_PicoBlade_53261-0271_1x02-1MP_P1.25mm_Horizontal",6.000000,-62.000000,-90.000000,top
"J5","Molex_PicoBlade_53261-0271_1x02-1MP_P1.25mm_Horizontal","Molex_PicoBlade_53261-0271_1x02-1MP_P1.25mm_Horizontal",6.000000,-72.000000,-90.000000,top
"L1","L_Coilcraft_XAL5030-XXX","L_Coilcraft_XAL5030-XXX",40.505000,-58.037500,0.000000,top
"L2","L_Sunlord_MWSA0402S","L_Sunlord_MWSA0402S",38.475000,-45.000000,90.000000,top
"L3","L_Taiyo-Yuden_NR-40xx","L_Taiyo-Yuden_NR-40xx",17.304600,-48.151700,0.000000,top
"NTC1","R_0603_1608Metric","R_0603_1608Metric",19.085000,-64.582500,0.000000,top
"Q1","SOT-323_SC-70","SOT-323_SC-70",21.754600,-49.251700,0.000000,top
"R1","R_0603_1608Metric","R_0603_1608Metric",15.765000,-12.950000,0.000000,top
"R2","R_0603_1608Metric","R_0603_1608Metric",39.480000,-16.830000,0.000000,top
"R3","R_0603_1608Metric","R_0603_1608Metric",12.125000,-12.950000,0.000000,top
"R4","R_0603_1608Metric","R_0603_1608Metric",12.125000,-15.410000,0.000000,top
"R5","R_0603_1608Metric","R_0603_1608Metric",12.125000,-17.870000,0.000000,top
"R6","R_0603_1608Metric","R_0603_1608Metric",33.465800,-51.037100,0.000000,top
"R7","R_0603_1608Metric","R_0603_1608Metric",45.670000,-61.181200,0.000000,top
"R8","R_0603_1608Metric","R_0603_1608Metric",23.456300,-71.161300,0.000000,top
"R9","R_0603_1608Metric","R_0603_1608Metric",14.175000,-24.650000,0.000000,top
"R10","R_0603_1608Metric","R_0603_1608Metric",14.175000,-22.080000,0.000000,top
"R11","R_0603_1608Metric","R_0603_1608Metric",29.867500,-66.806200,0.000000,top
"R12","R_0603_1608Metric","R_0603_1608Metric",26.004300,-69.110900,0.000000,top
"R13","R_0603_1608Metric","R_0603_1608Metric",29.282400,-61.861300,0.000000,top
"R14","R_0603_1608Metric","R_0603_1608Metric",27.289000,-64.459400,0.000000,top
"R15","R_0603_1608Metric","R_0603_1608Metric",27.112000,-57.416900,0.000000,top
"R16","R_0603_1608Metric","R_0603_1608Metric",38.569400,-53.567900,0.000000,top
"R17","R_0603_1608Metric","R_0603_1608Metric",27.155600,-59.605600,0.000000,top
"R18","R_0603_1608Metric","R_0603_1608Metric",27.609000,-55.233900,0.000000,top
"R19","R_0603_1608Metric","R_0603_1608Metric",25.672200,-62.078000,0.000000,top
"R20","R_0603_1608Metric","R_0603_1608Metric",46.194900,-51.208500,0.000000,top
"R21","R_0805_2012Metric","R_0805_2012Metric",42.404900,-53.329500,0.000000,top
"R22","R_0603_1608Metric","R_0603_1608Metric",17.208100,-61.838000,0.000000,top
"R23","R_0603_1608Metric","R_0603_1608Metric",30.692900,-48.121700,-90.000000,top
"R24","R_0603_1608Metric","R_0603_1608Metric",30.692900,-51.581700,-90.000000,top
"R25","R_0603_1608Metric","R_0603_1608Metric",29.426400,-43.100600,0.000000,top
"R26","R_0603_1608Metric","R_0603_1608Metric",40.359000,-40.851000,0.000000,top
"R27","R_0603_1608Metric","R_0603_1608Metric",42.980000,-45.730000,0.000000,top
"R28","R_0603_1608Metric","R_0603_1608Metric",27.890300,-47.528800,0.000000,top
"R29","R_0603_1608Metric","R_0603_1608Metric",12.864800,-49.549700,0.000000,top
"R30","R_0603_1608Metric","R_0603_1608Metric",25.382100,-49.531700,0.000000,top
"R31","R_0805_2012Metric","R_0805_2012Metric",19.775400,-54.746600,0.000000,top
"R32","R_0603_1608Metric","R_0603_1608Metric",30.944600,-78.001600,90.000000,top
"R33","R_0603_1608Metric","R_0603_1608Metric",29.380000,-27.530000,0.000000,top
"R34","R_0603_1608Metric","R_0603_1608Metric",25.880000,-27.530000,0.000000,top
"R35","R_0603_1608Metric","R_0603_1608Metric",34.780000,-64.575000,0.000000,top
"R36","R_0603_1608Metric","R_0603_1608Metric",30.845700,-74.312600,90.000000,top
"SW1","SW_SPST_B3U-1000P","SW_SPST_B3U-1000P",22.000000,-32.000000,0.000000,top
"SW2","SW_SPST_B3U-1000P","SW_SPST_B3U-1000P",30.000000,-32.000000,0.000000,top
"SW3","SW_SPST_B3U-1000P","SW_SPST_B3U-1000P",52.850000,-15.000000,90.000000,top
"SW4","SW_SPST_B3U-1000P","SW_SPST_B3U-1000P",52.850000,-42.000000,90.000000,top
"SW5","SW_SPST_B3U-1000P","SW_SPST_B3U-1000P",52.850000,-69.000000,90.000000,top
"U1","ESP32-S3-WROOM-1_EPDF","ESP32-S3-WROOM-1_EPDF",27.500000,-12.750000,0.000000,top
"U2","Texas_RTW_WQFN-24-1EP_4x4mm_P0.5mm_EP2.7x2.7mm_ThermalVias","Texas_RTW_WQFN-24-1EP_4x4mm_P0.5mm_EP2.7x2.7mm_ThermalVias",34.000000,-60.000000,0.000000,top
"U3","RNM0015A","RNM0015A",34.000000,-45.000000,0.000000,top
"U4","TDFN-8-1EP_2x2mm_P0.5mm_EP0.8x1.2mm","TDFN-8-1EP_2x2mm_P0.5mm_EP0.8x1.2mm",13.500000,-62.000000,0.000000,top
"U5","Texas_X2QFN-12_1.6x1.6mm_P0.4mm","Texas_X2QFN-12_1.6x1.6mm_P0.4mm",29.500000,-69.500000,0.000000,top
"U6","SOT-23-6","SOT-23-6",15.550000,-43.700000,0.000000,top
